id,first_name,last_name,email,gender,ip_address
1,Riobard,Bownass,rbownass0@senate.gov,Male,179.37.32.232
2,Josey,Zannini,jzannini1@europa.eu,Bigender,149.233.133.104
3,Alfy,Drohane,adrohane2@state.tx.us,Female,153.36.208.107
4,Brade,Aikman,baikman3@youtu.be,Male,241.102.37.220
5,Montgomery,Gaw,mgaw4@blogspot.com,Male,252.255.164.51
6,Bucky,Howen,bhowen5@gravatar.com,Male,219.249.184.161
7,Mora,Bottini,mbottini6@arstechnica.com,Female,152.240.90.118
8,Frants,Bellon,fbellon7@ucoz.com,Male,221.221.188.14
9,Christy,Littlejohns,clittlejohns8@wiley.com,Female,17.224.95.149
10,Isidor,Dzeniskevich,idzeniskevich9@nih.gov,Male,79.241.208.45
11,Anatole,Mithon,amithona@cnet.com,Genderfluid,97.138.0.92
12,Hope,Giff,hgiffb@washingtonpost.com,Female,137.3.161.161
13,Nikolos,Perillo,nperilloc@hubpages.com,Male,149.134.202.10
14,Wilona,Seiter,wseiterd@ucoz.com,Female,180.126.247.147
15,Vasilis,Swithenby,vswithenbye@bing.com,Male,94.78.179.41
16,Virginia,Schoroder,vschoroderf@soundcloud.com,Female,58.177.96.57
17,Price,Heller,phellerg@prweb.com,Male,230.17.78.106
18,Stanleigh,Auton,sautonh@skype.com,Male,97.19.29.200
19,Shirl,Fahey,sfaheyi@prlog.org,Female,129.229.21.44
20,Katharyn,Rawls,krawlsj@istockphoto.com,Female,105.33.201.84
21,Verena,Corck,vcorckk@naver.com,Female,40.125.159.42
22,Lorilee,Peart,lpeartl@t.co,Female,23.168.176.29
23,Randall,Porker,rporkerm@mozilla.com,Male,208.45.100.42
24,Sarajane,Ferencz,sferenczn@alibaba.com,Female,215.45.30.133
25,Batholomew,Wilder,bwildero@irs.gov,Male,231.128.141.171
26,Gretel,Jakubovicz,gjakuboviczp@rambler.ru,Female,63.204.230.54
27,Matthias,Kolin,mkolinq@craigslist.org,Male,170.231.210.19
28,Barny,Huyton,bhuytonr@about.me,Male,147.164.130.169
29,King,Tonna,ktonnas@house.gov,Male,228.183.129.120
30,Ogdon,Vankov,ovankovt@vinaora.com,Male,73.216.75.32
31,Birch,Tatlowe,btatloweu@istockphoto.com,Male,128.36.165.37
32,Bard,Boatwright,bboatwrightv@bluehost.com,Male,105.130.142.97
33,Job,Bugdall,jbugdallw@archive.org,Genderfluid,33.174.68.13
34,Montgomery,Cheves,mchevesx@google.pl,Male,65.252.228.181
35,Griswold,Guthrum,gguthrumy@clickbank.net,Bigender,80.21.105.235
36,Jenine,Hayen,jhayenz@wikipedia.org,Bigender,52.86.228.144
37,Dewie,Liepina,dliepina10@quantcast.com,Male,133.58.67.91
38,Spence,Dunbobbin,sdunbobbin11@webeden.co.uk,Male,35.110.147.255
39,Innis,Hembrow,ihembrow12@google.ca,Male,32.225.68.51
40,Benita,Barry,bbarry13@latimes.com,Female,88.205.81.103
41,Murial,Dibben,mdibben14@blogs.com,Female,70.126.222.77
42,Robbyn,Surridge,rsurridge15@berkeley.edu,Female,86.181.63.91
43,Trefor,O'Caine,tocaine16@stanford.edu,Male,27.191.230.71
44,Willyt,Maccrae,wmaccrae17@hostgator.com,Female,1.27.219.210
45,Moll,Marling,mmarling18@themeforest.net,Non-binary,181.83.142.226
46,Alexandrina,Walls,awalls19@exblog.jp,Female,45.59.199.81
47,Cordey,Matheson,cmatheson1a@histats.com,Female,102.52.192.143
48,Bret,Housegoe,bhousegoe1b@discuz.net,Male,245.240.117.156
49,Caitlin,Winham,cwinham1c@telegraph.co.uk,Female,232.41.119.213
50,Danya,Millson,dmillson1d@sina.com.cn,Male,0.144.183.50
51,Candis,Jordan,cjordan1e@theguardian.com,Female,175.74.175.136
52,Gisella,Gemmell,ggemmell1f@xrea.com,Polygender,237.212.141.197
53,Gordon,Bynold,gbynold1g@soundcloud.com,Male,88.202.78.251
54,Rosalyn,Brinkler,rbrinkler1h@foxnews.com,Female,164.0.90.125
55,Yuma,Hambright,yhambright1i@bloglines.com,Male,85.65.24.168
56,Nellie,Sackey,nsackey1j@amazon.de,Female,173.48.18.10
57,Delly,Maddox,dmaddox1k@examiner.com,Female,126.10.119.79
58,Tallulah,Skippen,tskippen1l@weebly.com,Female,150.126.213.15
59,Levon,Bartrop,lbartrop1m@microsoft.com,Non-binary,253.225.176.101
60,Fonzie,Boyn,fboyn1n@diigo.com,Male,180.153.121.44
61,Salome,Pendrey,spendrey1o@ucsd.edu,Female,183.125.81.232
62,Georgy,Leist,gleist1p@blinklist.com,Male,202.13.23.147
63,Halette,Millis,hmillis1q@addthis.com,Agender,137.138.80.204
64,Mattie,Eglaise,meglaise1r@aol.com,Male,57.130.214.71
65,Lukas,Domnick,ldomnick1s@cisco.com,Male,133.86.115.81
66,Cristionna,Wortman,cwortman1t@mlb.com,Female,149.223.151.254
67,Gibbie,Carpmile,gcarpmile1u@kickstarter.com,Male,109.119.235.11
68,Odetta,Holdin,oholdin1v@amazon.co.jp,Female,110.69.25.170
69,Dalton,Klasing,dklasing1w@last.fm,Male,239.161.65.84
70,Arlen,Killshaw,akillshaw1x@bandcamp.com,Male,188.226.81.38
71,Fernando,Stamper,fstamper1y@alexa.com,Male,237.107.219.207
72,Ludvig,Rabson,lrabson1z@cnbc.com,Male,222.253.229.91
73,Cass,Terbrugge,cterbrugge20@vk.com,Female,80.29.24.221
74,Talbert,Scutchings,tscutchings21@ifeng.com,Male,111.213.171.33
75,Gaspard,Aubin,gaubin22@hugedomains.com,Male,67.172.73.241
76,Jillie,Myrkus,jmyrkus23@abc.net.au,Female,68.41.232.254
77,Ivan,Conws,iconws24@qq.com,Male,151.67.83.158
78,Teodoro,Kantor,tkantor25@paginegialle.it,Male,233.209.18.47
79,Dori,Haney,dhaney26@booking.com,Female,51.206.46.114
80,Adams,Torrans,atorrans27@fc2.com,Male,158.112.249.50
81,Kevin,Goskar,kgoskar28@networksolutions.com,Male,238.174.71.40
82,Merna,Aggs,maggs29@mashable.com,Genderqueer,171.10.133.194
83,Beckie,Yetts,byetts2a@weather.com,Female,94.97.204.198
84,Beatriz,Wingrove,bwingrove2b@cbsnews.com,Female,175.251.166.196
85,Liliane,Tremoille,ltremoille2c@multiply.com,Female,73.127.58.233
86,Edee,Dexter,edexter2d@scribd.com,Genderqueer,92.238.57.151
87,Steve,Torrent,storrent2e@symantec.com,Male,18.42.49.240
88,Farand,Philpault,fphilpault2f@furl.net,Genderqueer,215.104.96.203
89,Marcos,Steenson,msteenson2g@youtube.com,Male,174.79.157.215
90,Gerri,Happert,ghappert2h@blinklist.com,Genderqueer,114.97.229.63
91,Hanan,Grishukhin,hgrishukhin2i@cbc.ca,Male,12.119.57.203
92,Carolina,Bruni,cbruni2j@netvibes.com,Female,218.225.60.18
93,Neel,Berks,nberks2k@illinois.edu,Male,134.116.69.218
94,Brodie,O'Conor,boconor2l@chronoengine.com,Male,196.9.51.38
95,Rosco,Quixley,rquixley2m@wikia.com,Male,230.224.139.218
96,Sascha,Horder,shorder2n@vimeo.com,Male,58.164.229.112
97,Ernesto,Drury,edrury2o@google.com.hk,Male,204.204.77.84
98,Simone,Arndtsen,sarndtsen2p@plala.or.jp,Male,170.124.28.51
99,Carina,Veasey,cveasey2q@hud.gov,Female,231.38.10.223
100,Theodora,Biddles,tbiddles2r@apache.org,Female,154.153.222.126
101,Mildrid,Corsan,mcorsan2s@bbb.org,Female,41.233.187.141
102,Jareb,Phillps,jphillps2t@cafepress.com,Male,13.66.139.124
103,Theda,Restill,trestill2u@constantcontact.com,Female,235.254.99.22
104,Tracey,Boow,tboow2v@fema.gov,Female,98.49.96.183
105,Neron,Pasque,npasque2w@lulu.com,Male,137.42.109.57
106,Dyann,Davydoch,ddavydoch2x@jiathis.com,Female,184.61.112.46
107,Glyn,Beeres,gbeeres2y@freewebs.com,Female,172.36.95.11
108,Edwin,Dray,edray2z@engadget.com,Male,13.187.249.28
109,Eugenie,Rosekilly,erosekilly30@washington.edu,Female,23.252.32.231
110,Laurella,Hains,lhains31@forbes.com,Female,112.248.210.244
111,Brig,Danser,bdanser32@taobao.com,Male,18.180.107.46
112,Lidia,Swatman,lswatman33@imageshack.us,Female,109.194.138.242
113,Janot,Klishin,jklishin34@purevolume.com,Genderfluid,198.5.10.179
114,Ivar,Bernardo,ibernardo35@businessweek.com,Male,136.57.155.104
115,Tedi,Duckerin,tduckerin36@dailymail.co.uk,Female,185.61.48.145
116,Nolana,Tench,ntench37@is.gd,Female,167.127.138.120
117,Titus,Hedderly,thedderly38@ycombinator.com,Male,119.219.182.56
118,Maryann,Shimoni,mshimoni39@ask.com,Female,172.227.212.33
119,Gaile,Ruit,gruit3a@google.ca,Male,135.49.37.201
120,Trevor,Moralee,tmoralee3b@google.com.br,Male,14.138.30.214
121,Haley,Nudde,hnudde3c@timesonline.co.uk,Male,17.159.67.1
122,Perl,Coleshill,pcoleshill3d@miibeian.gov.cn,Female,16.196.242.244
123,Lorettalorna,O'Hearn,lohearn3e@mapy.cz,Female,60.37.238.56
124,Joella,Lydiatt,jlydiatt3f@ox.ac.uk,Female,172.80.207.142
125,Mal,Weed,mweed3g@ihg.com,Male,245.59.197.178
126,Lanni,Daens,ldaens3h@ameblo.jp,Female,179.243.8.121
127,Lucas,Treher,ltreher3i@tripadvisor.com,Male,81.34.162.109
128,Claudetta,Teasey,cteasey3j@chronoengine.com,Female,0.168.88.199
129,Hyman,Lidgley,hlidgley3k@youtu.be,Male,108.176.162.201
130,Che,Abbatt,cabbatt3l@ocn.ne.jp,Male,107.144.87.147
131,Howey,Hannah,hhannah3m@sun.com,Male,140.158.120.208
132,Carver,Scafe,cscafe3n@angelfire.com,Male,251.103.126.14
133,Margy,Hansel,mhansel3o@ftc.gov,Female,206.209.83.233
134,Arte,Winship,awinship3p@ifeng.com,Male,204.45.88.22
135,Grantley,West-Frimley,gwestfrimley3q@wired.com,Male,254.160.207.147
136,Obidiah,Aspell,oaspell3r@theglobeandmail.com,Male,149.202.123.66
137,Timmie,Rockhall,trockhall3s@bbc.co.uk,Female,84.96.203.239
138,Nikolas,Syphas,nsyphas3t@hhs.gov,Male,90.94.47.221
139,Fulvia,Phebey,fphebey3u@discuz.net,Female,42.247.198.192
140,Rhoda,Tilberry,rtilberry3v@wufoo.com,Female,70.235.43.132
141,Reeta,Adelberg,radelberg3w@senate.gov,Female,68.177.226.17
142,Grethel,Stainson,gstainson3x@printfriendly.com,Female,151.233.223.205
143,Tiffie,Yeoland,tyeoland3y@drupal.org,Female,247.19.154.197
144,Melvin,Kneebone,mkneebone3z@techcrunch.com,Genderqueer,53.119.219.141
145,Rene,Wahncke,rwahncke40@msn.com,Male,233.7.220.122
146,Ewell,Sutterfield,esutterfield41@cbsnews.com,Male,253.172.66.239
147,Taber,Marner,tmarner42@japanpost.jp,Male,35.227.190.4
148,Adoree,Kerkham,akerkham43@google.ru,Female,209.148.47.29
149,Cammi,Clemendot,cclemendot44@msn.com,Female,40.76.79.225
150,Nedda,Hallgath,nhallgath45@paginegialle.it,Female,221.27.60.95
151,Morton,Lordon,mlordon46@webnode.com,Male,193.73.159.140
152,Michail,Brum,mbrum47@census.gov,Male,48.159.174.65
153,Tildi,Ondrousek,tondrousek48@ebay.co.uk,Female,107.71.30.143
154,Pamella,Kiggel,pkiggel49@va.gov,Female,124.127.57.93
155,Yehudit,Acaster,yacaster4a@jigsy.com,Bigender,207.53.101.68
156,Barb,Albutt,balbutt4b@tumblr.com,Agender,193.221.224.20
157,Eward,Benesevich,ebenesevich4c@hibu.com,Male,139.127.116.107
158,Angeline,Aubrun,aaubrun4d@google.ca,Female,182.249.179.36
159,Cherrita,Durdle,cdurdle4e@ucoz.ru,Female,113.17.20.4
160,Heida,Burnside,hburnside4f@reddit.com,Female,206.173.171.74
161,Winnifred,Siemons,wsiemons4g@epa.gov,Female,195.144.115.9
162,Verina,Boswell,vboswell4h@theglobeandmail.com,Female,196.29.4.149
163,Cammie,Gosby,cgosby4i@dagondesign.com,Female,178.24.196.166
164,Frazier,Balam,fbalam4j@pen.io,Male,128.147.91.37
165,Theressa,Hawford,thawford4k@google.co.jp,Female,5.241.13.58
166,Ashlie,Dieton,adieton4l@opensource.org,Bigender,93.87.41.178
167,Casey,Lumsdale,clumsdale4m@state.gov,Female,177.127.120.95
168,Tirrell,Kenlin,tkenlin4n@theatlantic.com,Male,11.32.171.232
169,Jackie,Fairtlough,jfairtlough4o@kickstarter.com,Male,33.54.8.75
170,Orv,Dmitrovic,odmitrovic4p@wikimedia.org,Male,153.252.209.237
171,Anselma,Struttman,astruttman4q@discovery.com,Female,99.24.7.66
172,Joanne,Davidsen,jdavidsen4r@friendfeed.com,Bigender,149.162.177.240
173,Gerry,Tompkinson,gtompkinson4s@cyberchimps.com,Female,55.85.23.42
174,Torr,Leavry,tleavry4t@usnews.com,Male,114.52.63.30
175,Herve,McKitterick,hmckitterick4u@miibeian.gov.cn,Male,112.251.136.125
176,Scarlet,Raubenheim,sraubenheim4v@angelfire.com,Female,59.57.146.144
177,Cart,Rollins,crollins4w@umich.edu,Male,65.174.94.20
178,Albrecht,Pitbladdo,apitbladdo4x@flavors.me,Male,167.69.38.224
179,Stace,Bruneau,sbruneau4y@domainmarket.com,Female,8.235.70.181
180,Randal,Daintith,rdaintith4z@fastcompany.com,Male,67.97.252.78
181,Raf,Adamsen,radamsen50@ow.ly,Female,233.220.129.41
182,Helyn,Sinncock,hsinncock51@npr.org,Female,67.229.67.127
183,Yancey,Load,yload52@admin.ch,Male,143.236.24.65
184,Jania,Whear,jwhear53@dell.com,Female,205.15.148.54
185,Fredric,Cottage,fcottage54@so-net.ne.jp,Male,182.131.60.201
186,Antone,Ducarne,aducarne55@geocities.jp,Genderqueer,81.232.210.242
187,Lulita,Alexsandrev,lalexsandrev56@unc.edu,Female,29.219.226.224
188,Lauryn,McClaren,lmcclaren57@mapquest.com,Female,226.146.21.10
189,Dave,Floodgate,dfloodgate58@so-net.ne.jp,Male,166.82.231.193
190,Corrie,Riddett,criddett59@un.org,Female,198.102.89.12
191,Aylmar,Fardoe,afardoe5a@nhs.uk,Male,188.22.102.165
192,Alicea,Lethby,alethby5b@pinterest.com,Female,166.252.108.15
193,Zsazsa,Cowe,zcowe5c@com.com,Female,230.75.12.21
194,Kyrstin,Barthram,kbarthram5d@goo.gl,Female,43.17.199.123
195,Robbi,Ilott,rilott5e@intel.com,Genderfluid,241.212.221.223
196,Sumner,Mangam,smangam5f@baidu.com,Male,94.220.137.67
197,Anna-diane,Brear,abrear5g@goo.gl,Genderqueer,128.65.217.228
198,Rowney,Eirwin,reirwin5h@github.io,Male,170.246.77.65
199,Flynn,Georgiev,fgeorgiev5i@rambler.ru,Male,53.222.94.144
200,Brander,Aggs,baggs5j@washington.edu,Male,213.190.218.53
201,Amie,Aberhart,aaberhart5k@pen.io,Female,41.144.198.238
202,Izzy,Cranmer,icranmer5l@privacy.gov.au,Male,39.163.25.229
203,Rusty,Sunman,rsunman5m@reverbnation.com,Male,42.179.62.7
204,Todd,Bes,tbes5n@twitpic.com,Male,233.84.109.93
205,Abbot,Peasgood,apeasgood5o@artisteer.com,Male,25.154.54.143
206,Trevar,Brighouse,tbrighouse5p@newyorker.com,Male,80.39.168.111
207,Teresita,Janzen,tjanzen5q@ucoz.com,Female,194.48.203.209
208,Evonne,Rawlcliffe,erawlcliffe5r@weebly.com,Female,19.166.56.76
209,Eldin,Gilhespy,egilhespy5s@hostgator.com,Male,58.182.124.231
210,Hayyim,Goman,hgoman5t@ucla.edu,Male,102.145.88.167
211,Aaren,Angelo,aangelo5u@dagondesign.com,Female,150.181.94.224
212,Egon,Cansdall,ecansdall5v@berkeley.edu,Male,154.228.104.108
213,Rubie,Nan Carrow,rnancarrow5w@altervista.org,Female,68.25.71.114
214,Judd,Sollett,jsollett5x@shop-pro.jp,Male,69.41.155.69
215,Francene,Goodlip,fgoodlip5y@ihg.com,Female,72.73.174.115
216,Preston,Eatherton,peatherton5z@si.edu,Male,121.71.151.86
217,Dev,Sedman,dsedman60@mac.com,Male,212.176.39.202
218,Birch,Whitsey,bwhitsey61@tmall.com,Male,110.221.128.152
219,Amalia,Dufer,adufer62@1688.com,Female,129.253.69.92
220,Jasun,Calleja,jcalleja63@hibu.com,Male,144.158.88.143
221,Correy,Shingler,cshingler64@noaa.gov,Female,132.207.189.58
222,Sandi,Lathleiff,slathleiff65@vimeo.com,Female,56.150.75.156
223,Gaynor,Rue,grue66@economist.com,Female,48.207.231.76
224,Ericha,Rigolle,erigolle67@youtube.com,Female,97.58.136.167
225,Pacorro,Smorthit,psmorthit68@state.tx.us,Polygender,183.63.78.179
226,Gaelan,Withnall,gwithnall69@trellian.com,Male,171.108.181.140
227,Vidovic,Roakes,vroakes6a@posterous.com,Male,238.253.126.104
228,Jilleen,Dorber,jdorber6b@printfriendly.com,Female,186.108.75.150
229,Merrie,Libbey,mlibbey6c@mlb.com,Agender,168.126.65.208
230,Sheilah,Tickel,stickel6d@livejournal.com,Female,122.144.117.229
231,Correy,Lincey,clincey6e@qq.com,Genderqueer,206.252.117.190
232,Jeane,Seleway,jseleway6f@prlog.org,Female,47.163.221.64
233,Lotty,Chaikovski,lchaikovski6g@google.com.br,Female,82.175.57.135
234,Maryjane,Wellstood,mwellstood6h@gov.uk,Female,94.110.65.224
235,Shandie,Bustin,sbustin6i@vistaprint.com,Female,13.182.57.251
236,Dorthy,Loos,dloos6j@trellian.com,Genderfluid,114.240.95.36
237,Angelia,Kupka,akupka6k@yahoo.com,Female,194.219.143.33
238,Ursola,Benam,ubenam6l@zdnet.com,Female,254.25.18.219
239,Gwenette,Frohock,gfrohock6m@phpbb.com,Female,203.143.227.223
240,Carlen,Ravel,cravel6n@msu.edu,Female,241.205.7.23
241,Masha,Giorgietto,mgiorgietto6o@tripod.com,Agender,131.118.242.140
242,Walker,Book,wbook6p@gov.uk,Male,20.169.230.241
243,Audie,Betz,abetz6q@mediafire.com,Female,34.215.110.119
244,Nat,Gibbard,ngibbard6r@shareasale.com,Male,71.238.22.9
245,Ignaz,Rhelton,irhelton6s@tripod.com,Male,73.103.253.152
246,Osborn,Housiaux,ohousiaux6t@sciencedirect.com,Male,246.221.65.200
247,Cordelia,Bisp,cbisp6u@1und1.de,Polygender,49.38.241.118
248,Erie,Semrad,esemrad6v@phoca.cz,Male,122.81.250.247
249,Cindy,Bodleigh,cbodleigh6w@va.gov,Female,79.233.184.236
250,Tomlin,Skune,tskune6x@va.gov,Male,45.129.25.120
251,Thurston,Ferrini,tferrini6y@mayoclinic.com,Male,139.254.165.226
252,Gearard,Stiegers,gstiegers6z@1688.com,Male,71.11.171.104
253,Lindsay,Ionesco,lionesco70@furl.net,Female,213.72.172.202
254,Nicolea,Wakley,nwakley71@yahoo.co.jp,Female,0.118.3.249
255,Rosie,Merricks,rmerricks72@answers.com,Female,247.223.181.199
256,Latrena,Makiver,lmakiver73@eventbrite.com,Female,49.109.227.191
257,Mallorie,Brownsmith,mbrownsmith74@de.vu,Female,143.89.240.93
258,Loralie,Rosenblatt,lrosenblatt75@cornell.edu,Female,1.70.41.249
259,Trenna,Claibourn,tclaibourn76@yale.edu,Non-binary,62.220.191.172
260,Clemens,Algar,calgar77@taobao.com,Male,42.40.50.83
261,Dari,Brosoli,dbrosoli78@wired.com,Non-binary,202.133.231.176
262,Neils,Diddams,ndiddams79@timesonline.co.uk,Male,55.80.191.124
263,Jemmie,Artin,jartin7a@si.edu,Female,5.244.163.160
264,Konstanze,MacPhaden,kmacphaden7b@joomla.org,Female,249.1.164.26
265,Oliviero,Newing,onewing7c@moonfruit.com,Male,112.120.12.41
266,Shellie,Blackley,sblackley7d@ustream.tv,Female,14.77.198.10
267,Daile,Jones,djones7e@goodreads.com,Female,131.128.106.237
268,Montgomery,Kings,mkings7f@ucoz.ru,Male,185.154.225.48
269,Cayla,Calbreath,ccalbreath7g@biglobe.ne.jp,Bigender,250.40.52.64
270,Sonnie,Krzyzanowski,skrzyzanowski7h@trellian.com,Female,224.128.47.121
271,Cathrine,Flecknell,cflecknell7i@technorati.com,Bigender,241.31.44.96
272,Urbano,Renouf,urenouf7j@nhs.uk,Male,55.171.74.180
273,Daffi,Confait,dconfait7k@tinypic.com,Female,231.165.151.160
274,Isidoro,Drackford,idrackford7l@ebay.com,Male,67.191.138.98
275,Hendrick,Giddings,hgiddings7m@harvard.edu,Male,1.85.248.133
276,Bobbye,Saura,bsaura7n@woothemes.com,Female,253.201.196.95
277,Layton,Hallawell,lhallawell7o@friendfeed.com,Male,83.23.82.21
278,Claudianus,Bartholomaus,cbartholomaus7p@sbwire.com,Male,247.17.72.3
279,Lindsay,Croney,lcroney7q@bbc.co.uk,Male,161.224.86.5
280,Kathe,Bradford,kbradford7r@pbs.org,Female,25.158.55.27
281,Paul,Fitzsimons,pfitzsimons7s@livejournal.com,Male,123.17.70.172
282,Field,Pevreal,fpevreal7t@utexas.edu,Male,253.78.66.157
283,Enrico,Polye,epolye7u@people.com.cn,Male,105.57.174.79
284,Tan,Shortt,tshortt7v@google.it,Male,174.104.39.108
285,Dorrie,Blamphin,dblamphin7w@blogger.com,Female,55.166.29.142
286,Baillie,Greeson,bgreeson7x@wikispaces.com,Male,174.91.186.43
287,Belvia,Evason,bevason7y@businessweek.com,Female,143.23.208.134
288,Rooney,Callen,rcallen7z@house.gov,Male,193.51.61.73
289,Aubrette,Youll,ayoull80@parallels.com,Female,234.252.82.52
290,Kerianne,Springford,kspringford81@merriam-webster.com,Female,156.2.198.42
291,Maryellen,Laville,mlaville82@jiathis.com,Female,225.177.136.67
292,Cookie,Yegoshin,cyegoshin83@icq.com,Female,56.238.90.51
293,Gorden,Briand,gbriand84@cisco.com,Male,25.204.96.65
294,North,Dietsche,ndietsche85@amazon.co.jp,Male,137.2.15.192
295,Kirstyn,Pointer,kpointer86@nature.com,Female,213.231.83.94
296,Christian,Endicott,cendicott87@friendfeed.com,Female,176.193.199.212
297,Gloria,Calcraft,gcalcraft88@360.cn,Female,220.118.95.247
298,Erhart,Cleugher,ecleugher89@mapy.cz,Male,63.237.62.141
299,Gearalt,Lemm,glemm8a@imgur.com,Agender,96.94.149.93
300,Donny,Darkin,ddarkin8b@bloglovin.com,Male,136.83.49.22
301,Lila,Elston,lelston8c@blogtalkradio.com,Female,175.243.40.113
302,Elsie,Moores,emoores8d@issuu.com,Female,109.228.35.182
303,Ulrike,Surgen,usurgen8e@imageshack.us,Female,34.88.158.128
304,Taylor,Rhead,trhead8f@businesswire.com,Male,75.92.37.154
305,Reynolds,Bentame,rbentame8g@exblog.jp,Male,238.123.129.125
306,Netty,Eakley,neakley8h@hhs.gov,Female,199.11.142.30
307,Armand,Thebes,athebes8i@hibu.com,Male,166.194.249.122
308,Glyn,Spittall,gspittall8j@sphinn.com,Male,140.85.129.33
309,Mae,Earengey,mearengey8k@fema.gov,Female,254.83.52.46
310,Netti,Benedit,nbenedit8l@wikipedia.org,Female,70.203.95.141
311,Tally,Kelling,tkelling8m@barnesandnoble.com,Female,23.73.217.1
312,Kristian,Hryncewicz,khryncewicz8n@youku.com,Male,208.80.58.97
313,Norry,Despenser,ndespenser8o@macromedia.com,Female,123.108.34.254
314,Vanni,Willard,vwillard8p@toplist.cz,Female,16.34.7.21
315,Zacharias,Simnell,zsimnell8q@ow.ly,Male,197.58.65.188
316,Barth,Lowing,blowing8r@pcworld.com,Male,96.98.177.195
317,Terrye,Heaven,theaven8s@apple.com,Female,233.41.80.1
318,Aubine,Shasnan,ashasnan8t@disqus.com,Female,220.135.109.220
319,Hyatt,Dewer,hdewer8u@yolasite.com,Male,111.236.53.156
320,Kent,Kemet,kkemet8v@paginegialle.it,Male,228.60.145.112
321,Devlin,Hariot,dhariot8w@columbia.edu,Male,226.151.84.255
322,Meryl,Foxworthy,mfoxworthy8x@google.es,Male,73.177.126.129
323,Udale,Burthom,uburthom8y@apple.com,Male,14.68.160.254
324,Durante,Howick,dhowick8z@fda.gov,Male,136.81.0.7
325,Bernard,Ferrarini,bferrarini90@hexun.com,Male,231.254.0.239
326,Salli,Duxfield,sduxfield91@sogou.com,Female,98.46.89.216
327,Maureene,Durden,mdurden92@who.int,Female,255.135.68.138
328,Katina,Davidwitz,kdavidwitz93@github.io,Female,215.134.44.88
329,Babara,Nolot,bnolot94@twitter.com,Female,58.0.155.175
330,Gabrila,Stroud,gstroud95@apache.org,Female,228.3.93.98
331,Cori,Bock,cbock96@bbb.org,Female,182.78.95.116
332,Stu,Perrott,sperrott97@4shared.com,Male,153.139.173.165
333,Ulrica,Attarge,uattarge98@auda.org.au,Female,65.41.229.248
334,Lesli,Pepin,lpepin99@pen.io,Female,15.151.246.86
335,Christalle,Dear,cdear9a@smugmug.com,Female,21.102.127.225
336,Lorry,Juden,ljuden9b@bbb.org,Female,60.146.252.84
337,Antonio,Coaker,acoaker9c@360.cn,Male,46.10.138.27
338,Trev,Moorhouse,tmoorhouse9d@weibo.com,Male,205.214.150.106
339,Leila,Eddies,leddies9e@imdb.com,Female,127.247.83.39
340,Kay,Dover,kdover9f@examiner.com,Female,158.183.38.236
341,Issi,Guiness,iguiness9g@scribd.com,Female,135.247.75.110
342,Shirley,Bigham,sbigham9h@weibo.com,Genderqueer,47.163.200.159
343,Arlyn,Tarbin,atarbin9i@sciencedirect.com,Female,77.96.181.223
344,Herbie,Kyston,hkyston9j@comsenz.com,Male,109.12.72.208
345,Kristy,Sibborn,ksibborn9k@ox.ac.uk,Female,193.112.145.173
346,Leta,Wheater,lwheater9l@businesswire.com,Female,226.16.42.108
347,Arlen,Eakly,aeakly9m@dailymotion.com,Female,227.45.147.72
348,Diarmid,O'Carran,docarran9n@smh.com.au,Male,48.96.236.144
349,Nadine,Robertot,nrobertot9o@fastcompany.com,Female,193.29.0.17
350,Rodney,Delgardo,rdelgardo9p@diigo.com,Male,108.235.201.37
351,Ulla,Kubista,ukubista9q@dmoz.org,Female,80.89.226.4
352,Ely,Sivill,esivill9r@wordpress.com,Male,249.27.10.161
353,Curtis,Biglin,cbiglin9s@sfgate.com,Male,135.217.218.65
354,Beale,Dinkin,bdinkin9t@a8.net,Male,44.14.166.139
355,Dimitry,Wyon,dwyon9u@harvard.edu,Male,61.159.34.1
356,Virgina,Olyet,volyet9v@deviantart.com,Female,231.106.13.246
357,Tracy,Garlic,tgarlic9w@washingtonpost.com,Male,147.98.215.118
358,Hamlin,Schapiro,hschapiro9x@webeden.co.uk,Male,86.34.148.126
359,Irena,Amoore,iamoore9y@is.gd,Female,67.84.85.247
360,Cloe,Houndson,choundson9z@amazon.co.jp,Female,180.194.134.239
361,Tamiko,Shutt,tshutta0@google.es,Female,192.97.136.135
362,Marsh,Goshawk,mgoshawka1@yale.edu,Male,29.155.25.124
363,Garret,Bontine,gbontinea2@skyrock.com,Male,122.51.124.151
364,Tynan,Benini,tbeninia3@guardian.co.uk,Male,250.203.237.197
365,Gregory,Patrie,gpatriea4@topsy.com,Male,186.239.91.55
366,Ulric,Connett,uconnetta5@privacy.gov.au,Male,207.76.1.98
367,Gertruda,Rattenberie,grattenberiea6@adobe.com,Female,128.71.235.213
368,Clementina,Voas,cvoasa7@creativecommons.org,Female,142.192.250.33
369,Mariquilla,Kalderon,mkalderona8@purevolume.com,Female,199.43.49.134
370,Cobby,Simion,csimiona9@newsvine.com,Male,213.240.247.151
371,Concettina,Maclaine,cmaclaineaa@springer.com,Female,2.170.140.106
372,Tomaso,Thomen,tthomenab@cisco.com,Male,87.32.53.246
373,Zach,Lucio,zlucioac@mlb.com,Male,230.52.161.196
374,Fairleigh,Bruhnke,fbruhnkead@sakura.ne.jp,Male,73.59.67.120
375,Corella,Sollom,csollomae@sakura.ne.jp,Female,154.157.132.181
376,Ado,Alflatt,aalflattaf@ucla.edu,Male,58.249.145.193
377,Farris,Mossom,fmossomag@zimbio.com,Male,136.250.193.121
378,Teddy,Greatbach,tgreatbachah@google.co.jp,Female,244.239.123.35
379,Cloris,Shann,cshannai@goo.gl,Female,208.146.129.190
380,Judon,Christene,jchristeneaj@liveinternet.ru,Male,8.68.81.106
381,Charisse,Carme,ccarmeak@goo.ne.jp,Female,210.206.141.151
382,Gabriel,Monelli,gmonellial@com.com,Female,98.28.42.86
383,Margo,Caddan,mcaddanam@nba.com,Female,109.90.143.73
384,Darren,Scarlett,dscarlettan@illinois.edu,Male,29.152.66.151
385,Dorie,Cottie,dcottieao@shop-pro.jp,Female,229.40.77.135
386,Edvard,Duffy,eduffyap@slideshare.net,Male,125.1.7.215
387,Tamarah,Blayney,tblayneyaq@washington.edu,Female,114.171.88.104
388,Keene,Foley,kfoleyar@desdev.cn,Male,27.46.114.70
389,Edi,Copeland,ecopelandas@studiopress.com,Female,28.40.89.228
390,Keir,Sabattier,ksabattierat@accuweather.com,Male,113.91.3.132
391,Jephthah,Northway,jnorthwayau@baidu.com,Male,89.210.12.164
392,Claus,Basire,cbasireav@gravatar.com,Male,179.57.44.232
393,Gino,Cristofori,gcristoforiaw@naver.com,Male,1.166.134.201
394,Mikaela,Menel,mmenelax@netscape.com,Female,23.94.84.153
395,Kat,Verling,kverlingay@shutterfly.com,Female,242.86.103.200
396,Sharyl,Beed,sbeedaz@123-reg.co.uk,Female,52.1.171.146
397,Alix,Domenicone,adomeniconeb0@yellowbook.com,Female,247.133.245.35
398,Ralf,Esby,resbyb1@abc.net.au,Male,221.62.147.170
399,Lorilyn,Andrini,landrinib2@archive.org,Female,118.241.9.65
400,Bekki,Renne,brenneb3@shinystat.com,Female,24.200.43.58
401,Bekki,Murie,bmurieb4@disqus.com,Female,143.226.40.131
402,Jeannette,Merrilees,jmerrileesb5@netlog.com,Female,161.11.202.52
403,Vere,Russell,vrussellb6@psu.edu,Female,207.7.206.249
404,Arda,Pelz,apelzb7@marketwatch.com,Female,241.20.64.199
405,Hedwiga,Corneck,hcorneckb8@cisco.com,Female,221.182.3.54
406,Barrie,McCallum,bmccallumb9@yelp.com,Male,17.152.224.14
407,Khalil,Leaning,kleaningba@bbc.co.uk,Male,177.44.157.71
408,Batsheva,Deneve,bdenevebb@pen.io,Female,243.29.145.223
409,Gib,Frosch,gfroschbc@yale.edu,Male,126.153.148.104
410,Valida,Luebbert,vluebbertbd@github.com,Genderfluid,5.63.243.45
411,Haydon,Aylen,haylenbe@rambler.ru,Male,37.67.90.186
412,Tamas,Nancarrow,tnancarrowbf@irs.gov,Male,59.38.221.95
413,Corina,Ecob,cecobbg@admin.ch,Female,137.70.89.68
414,Yorker,Menendes,ymenendesbh@va.gov,Male,54.47.104.13
415,Riobard,Summerlie,rsummerliebi@webs.com,Male,105.212.88.168
416,Steve,Ringwood,sringwoodbj@hugedomains.com,Male,33.101.29.38
417,Magnum,Hortop,mhortopbk@cloudflare.com,Male,29.185.182.212
418,Yoshi,Houlaghan,yhoulaghanbl@ed.gov,Female,181.143.3.181
419,Nanni,Trace,ntracebm@nba.com,Female,208.175.106.92
420,Donelle,Bruni,dbrunibn@reference.com,Female,71.25.7.85
421,Ware,Mangam,wmangambo@so-net.ne.jp,Male,135.192.208.163
422,Filip,Somerbell,fsomerbellbp@g.co,Male,219.208.124.101
423,Myrta,Towell,mtowellbq@nbcnews.com,Bigender,217.174.12.1
424,Fleming,Creboe,fcreboebr@joomla.org,Male,138.251.206.32
425,Ashly,Penrice,apenricebs@dyndns.org,Female,56.83.17.186
426,Agathe,Laister,alaisterbt@usda.gov,Female,32.110.148.192
427,Rania,Hadny,rhadnybu@vinaora.com,Female,62.0.5.64
428,Catlaina,Rudyard,crudyardbv@163.com,Female,48.18.191.43
429,Zonda,Baiss,zbaissbw@bandcamp.com,Female,66.217.85.119
430,Herta,Bevens,hbevensbx@amazon.com,Female,109.10.86.75
431,Tobias,MacGruer,tmacgruerby@irs.gov,Male,117.253.75.41
432,Anton,Stevings,astevingsbz@blinklist.com,Male,143.33.192.9
433,Will,Will,wwillc0@ca.gov,Male,162.122.206.91
434,Starlin,Fiddler,sfiddlerc1@wiley.com,Female,78.67.117.104
435,Obed,Dytham,odythamc2@nsw.gov.au,Male,65.195.99.10
436,Land,Padginton,lpadgintonc3@example.com,Male,205.217.139.69
437,Glen,Goaks,ggoaksc4@rambler.ru,Female,238.97.48.222
438,Rand,Prydie,rprydiec5@marriott.com,Male,231.161.195.89
439,Si,Murtimer,smurtimerc6@eventbrite.com,Male,132.143.22.242
440,Samson,Cribbott,scribbottc7@aol.com,Male,238.116.244.65
441,Leo,Lomax,llomaxc8@xing.com,Male,68.94.100.44
442,Doro,Grint,dgrintc9@issuu.com,Female,126.212.17.138
443,Bryce,Kerby,bkerbyca@ifeng.com,Male,247.232.168.79
444,Adler,Longhorn,alonghorncb@bloomberg.com,Non-binary,157.240.93.86
445,Claudian,Fahy,cfahycc@flavors.me,Agender,191.53.224.21
446,Giavani,Calver,gcalvercd@princeton.edu,Male,217.65.63.186
447,Geoffry,Whybrow,gwhybrowce@smh.com.au,Male,120.145.198.226
448,Rosemarie,Le Leu,rleleucf@behance.net,Female,66.100.193.75
449,Homerus,Oiller,hoillercg@reddit.com,Agender,230.101.126.156
450,Ulrika,Bonett,ubonettch@parallels.com,Female,69.167.43.191
451,Udell,Trim,utrimci@tripadvisor.com,Male,189.210.67.155
452,Diarmid,Chesterton,dchestertoncj@friendfeed.com,Male,175.231.94.73
453,Stacie,Franzel,sfranzelck@gov.uk,Female,99.135.182.79
454,Dyane,Eddow,deddowcl@cnet.com,Female,137.206.231.69
455,Latrina,Caulier,lcauliercm@creativecommons.org,Female,78.113.230.216
456,Cyril,Whitmore,cwhitmorecn@last.fm,Male,172.244.154.254
457,Cull,Pearton,cpeartonco@goo.ne.jp,Male,152.120.203.90
458,Odell,Merchant,omerchantcp@slideshare.net,Male,73.57.201.19
459,Shaun,Leet,sleetcq@topsy.com,Male,201.134.141.12
460,Renato,Twidle,rtwidlecr@hubpages.com,Male,186.241.23.25
461,Lia,Stannus,lstannuscs@prnewswire.com,Female,130.182.203.162
462,Phip,Wintringham,pwintringhamct@wordpress.org,Male,245.178.79.216
463,Bill,Whacket,bwhacketcu@themeforest.net,Male,184.154.191.87
464,Birdie,Sherme,bshermecv@chicagotribune.com,Female,151.195.107.215
465,Costa,Carriage,ccarriagecw@columbia.edu,Male,197.177.190.211
466,Andre,Hacquoil,ahacquoilcx@fotki.com,Genderfluid,143.255.142.217
467,Chuck,Northcote,cnorthcotecy@symantec.com,Male,242.50.38.183
468,Roxanne,Thomson,rthomsoncz@drupal.org,Female,125.211.167.173
469,Vinny,Ebbage,vebbaged0@admin.ch,Female,108.223.129.72
470,Archambault,Wason,awasond1@economist.com,Male,45.61.187.128
471,Ernesto,Gallehawk,egallehawkd2@cisco.com,Male,73.148.175.248
472,Burnaby,Carnock,bcarnockd3@rambler.ru,Male,117.99.234.105
473,Pincas,Wringe,pwringed4@fastcompany.com,Male,198.232.198.99
474,Ulrick,Sinkins,usinkinsd5@wiley.com,Male,4.61.217.229
475,Lanette,Zelner,lzelnerd6@infoseek.co.jp,Female,42.153.20.78
476,Abey,Dowles,adowlesd7@boston.com,Male,56.145.88.154
477,Nolly,Meffen,nmeffend8@rediff.com,Male,64.217.236.96
478,Ailyn,Muzzlewhite,amuzzlewhited9@simplemachines.org,Female,175.31.209.173
479,Mackenzie,Ferras,mferrasda@ed.gov,Male,31.20.232.139
480,Melvyn,Mote,mmotedb@instagram.com,Male,212.179.189.220
481,Foss,Elwood,felwooddc@hhs.gov,Male,170.152.161.161
482,Gayelord,Strahan,gstrahandd@lulu.com,Male,20.131.23.41
483,Foss,Trunchion,ftrunchionde@auda.org.au,Male,225.70.64.19
484,Rafaelia,Keeves,rkeevesdf@squidoo.com,Female,147.192.32.224
485,Cheston,Brown,cbrowndg@comcast.net,Male,206.121.201.165
486,Avram,Kilbey,akilbeydh@smugmug.com,Male,237.11.48.177
487,Elvira,Clover,ecloverdi@webeden.co.uk,Agender,0.0.23.142
488,Enos,Matashkin,ematashkindj@businesswire.com,Male,27.106.122.142
489,Norry,Wensley,nwensleydk@studiopress.com,Male,193.230.42.255
490,Durant,Kippin,dkippindl@hexun.com,Male,108.228.64.172
491,Alexandr,Serjent,aserjentdm@wiley.com,Male,175.116.73.91
492,Katharine,Coppard,kcopparddn@irs.gov,Female,246.7.218.226
493,Jade,Emerine,jemerinedo@ted.com,Female,165.32.111.119
494,Biron,O'Gavin,bogavindp@irs.gov,Male,57.66.106.122
495,Ripley,Shurmer,rshurmerdq@indiegogo.com,Male,27.26.9.35
496,Fiorenze,Grigorian,fgrigoriandr@goodreads.com,Female,57.13.39.244
497,Toiboid,Fruchter,tfruchterds@blogtalkradio.com,Male,9.224.66.97
498,Eldon,Pennetti,epennettidt@geocities.jp,Bigender,200.19.11.117
499,Jermaine,Demangel,jdemangeldu@reuters.com,Male,177.147.124.103
500,Towney,Longthorn,tlongthorndv@fastcompany.com,Male,121.122.102.4
501,Lev,Hebborn,lhebborndw@discovery.com,Male,182.165.64.38
502,Harli,MacGillreich,hmacgillreichdx@shinystat.com,Polygender,132.93.150.84
503,Tedd,Toxell,ttoxelldy@paginegialle.it,Bigender,88.17.121.75
504,Arden,Scimonelli,ascimonellidz@123-reg.co.uk,Female,88.97.218.181
505,Hammad,Kalisz,hkalisze0@naver.com,Male,186.160.105.16
506,Erastus,Van De Cappelle,evandecappellee1@discovery.com,Male,217.132.5.151
507,Lockwood,Grahame,lgrahamee2@fda.gov,Male,178.0.89.210
508,Loy,Shalders,lshalderse3@yelp.com,Male,186.112.103.97
509,Vernen,Yoell,vyoelle4@amazonaws.com,Male,181.85.102.252
510,Annaliese,Moggle,amogglee5@alibaba.com,Bigender,150.99.164.52
511,Priscella,Heustice,pheusticee6@uiuc.edu,Female,178.8.159.92
512,Tome,Rapier,trapiere7@berkeley.edu,Male,156.65.232.235
513,Teressa,Rames,tramese8@webeden.co.uk,Female,191.211.223.17
514,Sybila,Matevushev,smatevusheve9@indiatimes.com,Female,68.236.198.124
515,Georgeta,Frayling,gfraylingea@sourceforge.net,Female,174.72.71.158
516,Padriac,Dutton,pduttoneb@comsenz.com,Male,195.132.88.188
517,Vachel,Ghidoli,vghidoliec@japanpost.jp,Male,204.170.214.3
518,Reece,Deyes,rdeyesed@state.tx.us,Male,136.143.77.164
519,Tomaso,Creek,tcreekee@flavors.me,Male,152.199.191.194
520,Griz,Harsnipe,gharsnipeef@dailymail.co.uk,Male,101.87.214.155
521,Muffin,Whitington,mwhitingtoneg@timesonline.co.uk,Male,97.104.184.244
522,Errol,Stocking,estockingeh@123-reg.co.uk,Male,42.219.8.48
523,Willie,Warman,wwarmanei@kickstarter.com,Female,101.242.247.38
524,Joel,Niemetz,jniemetzej@dion.ne.jp,Male,91.62.206.83
525,Carline,Lowey,cloweyek@freewebs.com,Female,184.133.232.17
526,Mill,Feely,mfeelyel@themeforest.net,Male,97.57.24.209
527,Cross,Brobak,cbrobakem@jigsy.com,Male,97.5.82.169
528,Annmaria,Nucciotti,anucciottien@slideshare.net,Female,57.17.159.254
529,Patrice,Leishman,pleishmaneo@sitemeter.com,Male,5.177.210.179
530,Roberto,Shallcroff,rshallcroffep@answers.com,Male,201.230.117.36
531,Hinda,Lutman,hlutmaneq@ask.com,Female,218.187.165.152
532,Vasily,Truse,vtruseer@ted.com,Male,156.122.73.42
533,Valina,Mees,vmeeses@army.mil,Non-binary,186.81.47.238
534,Halli,Rotte,hrotteet@wikimedia.org,Female,64.24.31.114
535,Fred,Tremoulet,ftremouleteu@google.es,Female,249.131.8.10
536,Gian,Cumberland,gcumberlandev@mit.edu,Male,22.46.229.122
537,Early,Emson,eemsonew@independent.co.uk,Male,165.233.43.94
538,Boris,Beardow,bbeardowex@eventbrite.com,Male,169.166.98.144
539,Diandra,Salzberger,dsalzbergerey@mediafire.com,Female,131.243.134.194
540,Abran,McNickle,amcnickleez@altervista.org,Male,196.204.131.53
541,Amalea,Glendining,aglendiningf0@tamu.edu,Female,133.75.71.235
542,Neils,Bunkle,nbunklef1@cbsnews.com,Male,242.158.130.195
543,Elicia,Bransgrove,ebransgrovef2@barnesandnoble.com,Female,43.137.108.38
544,Stirling,Baddoe,sbaddoef3@army.mil,Male,63.138.97.98
545,Benedetto,Dackombe,bdackombef4@tuttocitta.it,Male,7.91.123.221
546,Nikolos,Tinan,ntinanf5@networkadvertising.org,Male,232.252.45.188
547,Gunar,Trimmill,gtrimmillf6@weebly.com,Male,0.147.81.34
548,Alta,Clabburn,aclabburnf7@addtoany.com,Female,183.98.222.177
549,Therese,Eshelby,teshelbyf8@soup.io,Female,233.15.143.252
550,Cos,Pole,cpolef9@sogou.com,Polygender,214.103.238.48
551,Karia,Willcot,kwillcotfa@foxnews.com,Female,213.80.85.166
552,Donnamarie,Maddison,dmaddisonfb@istockphoto.com,Female,220.96.188.43
553,Penelopa,Treweek,ptreweekfc@boston.com,Female,27.70.34.48
554,Tanner,Caley,tcaleyfd@ustream.tv,Male,60.75.245.108
555,Marys,Yitzowitz,myitzowitzfe@zimbio.com,Female,183.195.65.68
556,Esra,Lardge,elardgeff@github.com,Male,32.52.23.178
557,Pippo,Matson,pmatsonfg@homestead.com,Male,251.16.197.15
558,Kimmie,Unwin,kunwinfh@usgs.gov,Genderfluid,51.160.253.119
559,Birgit,Phettis,bphettisfi@cbc.ca,Female,69.242.198.214
560,Holly,Gyurko,hgyurkofj@cam.ac.uk,Female,131.103.243.104
561,Morty,Blomefield,mblomefieldfk@livejournal.com,Male,21.129.11.224
562,Roseann,Bereford,rberefordfl@homestead.com,Female,202.130.51.6
563,Anne-marie,Treharne,atreharnefm@bbb.org,Female,75.90.116.219
564,Marvin,Goatcher,mgoatcherfn@uiuc.edu,Male,31.246.40.38
565,Patrice,Conisbee,pconisbeefo@usda.gov,Female,36.224.253.57
566,Hermie,Ortiga,hortigafp@unblog.fr,Male,127.94.8.169
567,Doralyn,Lude,dludefq@chicagotribune.com,Female,255.220.80.83
568,Wyn,Antoniottii,wantoniottiifr@goo.ne.jp,Male,86.177.15.66
569,Warren,Hollebon,whollebonfs@amazon.de,Male,112.52.6.138
570,Bank,Ferencowicz,bferencowiczft@about.me,Male,246.184.178.241
571,Russ,Petherick,rpetherickfu@un.org,Male,28.132.138.145
572,Celisse,Mangeon,cmangeonfv@accuweather.com,Female,250.206.150.138
573,Lilla,Houliston,lhoulistonfw@discuz.net,Female,227.243.101.101
574,Efren,Bryer,ebryerfx@unesco.org,Male,185.184.225.25
575,Tailor,Castri,tcastrify@typepad.com,Male,190.233.28.148
576,Janenna,Dack,jdackfz@behance.net,Female,72.150.84.94
577,Thaddus,Fery,tferyg0@goo.gl,Male,103.248.0.229
578,Vinita,Feasley,vfeasleyg1@nationalgeographic.com,Female,26.216.142.29
579,Mathias,Arghent,marghentg2@answers.com,Male,210.78.23.134
580,Kurtis,Westwick,kwestwickg3@sfgate.com,Male,69.56.63.62
581,Celisse,Vella,cvellag4@eventbrite.com,Genderfluid,190.155.173.65
582,Aksel,Charette,acharetteg5@sitemeter.com,Male,243.5.25.111
583,Salomi,McElvine,smcelvineg6@smh.com.au,Female,27.225.198.86
584,Larissa,Summerfield,lsummerfieldg7@purevolume.com,Bigender,32.24.247.28
585,Alden,McAmish,amcamishg8@hud.gov,Male,51.94.87.51
586,Catherina,Stoade,cstoadeg9@parallels.com,Female,99.136.42.44
587,Craig,Brinded,cbrindedga@hp.com,Male,63.97.33.60
588,Michail,Greaterex,mgreaterexgb@buzzfeed.com,Male,195.138.10.190
589,Meridith,Dermott,mdermottgc@mapquest.com,Female,101.85.184.26
590,Jeniece,Brydell,jbrydellgd@creativecommons.org,Female,230.96.49.5
591,Gilburt,Yaakov,gyaakovge@dot.gov,Male,206.146.117.16
592,Niall,Dibner,ndibnergf@blinklist.com,Male,128.14.86.215
593,Darsey,Finey,dfineygg@slashdot.org,Polygender,187.168.227.180
594,Braden,Janku,bjankugh@hibu.com,Male,220.48.121.14
595,Rog,Archibold,rarchiboldgi@tmall.com,Male,210.152.47.7
596,Jeramie,Whitty,jwhittygj@archive.org,Male,39.114.162.22
597,Joletta,Whiteway,jwhitewaygk@huffingtonpost.com,Polygender,193.114.179.33
598,Flynn,Thurlbourne,fthurlbournegl@t-online.de,Male,237.13.203.173
599,Delora,Learmont,dlearmontgm@tinypic.com,Female,232.101.252.186
600,Ursula,McLuckie,umcluckiegn@xing.com,Female,224.127.8.240
601,Zebadiah,Pinwill,zpinwillgo@theatlantic.com,Male,37.169.65.124
602,Nertie,Nother,nnothergp@squidoo.com,Genderfluid,6.64.71.237
603,Stearne,Craigie,scraigiegq@nymag.com,Male,91.105.15.82
604,Clementia,Rains,crainsgr@amazon.co.jp,Female,176.127.172.71
605,Rochester,Durand,rdurandgs@spotify.com,Male,151.234.134.25
606,Griffy,Keeble,gkeeblegt@hubpages.com,Male,90.198.23.22
607,Anthiathia,Dallicott,adallicottgu@mlb.com,Bigender,159.99.227.203
608,Beulah,Lazonby,blazonbygv@mapquest.com,Female,248.4.155.205
609,Randie,Lesor,rlesorgw@miitbeian.gov.cn,Male,235.250.5.6
610,Faye,Carletto,fcarlettogx@npr.org,Female,114.190.90.184
611,Randell,Twinborne,rtwinbornegy@webnode.com,Male,84.101.232.105
612,Sibyl,Curcher,scurchergz@sun.com,Polygender,103.1.82.255
613,Abram,Riggert,ariggerth0@accuweather.com,Male,189.102.57.108
614,Koralle,Bredes,kbredesh1@live.com,Female,202.162.131.18
615,Zoe,Ferryn,zferrynh2@fema.gov,Female,121.102.139.83
616,Chicky,Snepp,csnepph3@taobao.com,Male,244.248.5.182
617,Chery,MacVicar,cmacvicarh4@who.int,Female,128.43.109.146
618,Christabella,Staddart,cstaddarth5@shop-pro.jp,Female,46.241.27.171
619,Llywellyn,Cavill,lcavillh6@instagram.com,Male,13.213.167.72
620,Ada,Marder,amarderh7@miibeian.gov.cn,Agender,90.182.250.126
621,Nicoli,Hendrick,nhendrickh8@reuters.com,Female,68.23.88.68
622,Loraine,Hassard,lhassardh9@blogtalkradio.com,Female,151.159.134.185
623,Lionello,Kilfeather,lkilfeatherha@google.pl,Agender,31.237.152.180
624,Jordon,Hambelton,jhambeltonhb@tuttocitta.it,Male,19.213.10.52
625,Kriste,Gunby,kgunbyhc@geocities.com,Female,67.222.142.170
626,Trumann,Korbmaker,tkorbmakerhd@ucsd.edu,Male,224.169.196.99
627,Garreth,Gaiger,ggaigerhe@google.de,Male,46.27.249.20
628,Portie,Hauch,phauchhf@chron.com,Male,72.83.45.44
629,Silva,Roizn,sroiznhg@1688.com,Genderfluid,212.233.171.94
630,Sharron,Blacker,sblackerhh@ow.ly,Female,164.125.251.77
631,Sebastiano,Wittrington,swittringtonhi@infoseek.co.jp,Male,235.240.43.195
632,Diannne,Wignall,dwignallhj@yelp.com,Female,109.144.176.255
633,Shawn,Smallcomb,ssmallcombhk@eventbrite.com,Female,105.244.101.247
634,Sidney,Estcot,sestcothl@geocities.com,Male,53.108.31.25
635,Atalanta,Newlyn,anewlynhm@skype.com,Genderqueer,149.116.1.210
636,Perice,Mongeot,pmongeothn@independent.co.uk,Male,57.175.33.118
637,Kent,Clayworth,kclayworthho@answers.com,Male,166.149.97.124
638,Vivien,Farrell,vfarrellhp@furl.net,Female,49.236.218.245
639,Juliana,Scones,jsconeshq@desdev.cn,Female,7.54.164.98
640,Ollie,Rowter,orowterhr@issuu.com,Female,193.150.182.173
641,Carlotta,Sherer,cshererhs@ocn.ne.jp,Female,209.191.107.180
642,Ailene,Rock,arockht@nifty.com,Female,209.50.149.129
643,Lisbeth,Guitt,lguitthu@instagram.com,Female,178.140.12.187
644,Alana,Thake,athakehv@google.com.hk,Female,255.36.196.245
645,Keen,Knappe,kknappehw@engadget.com,Male,49.217.29.143
646,Noam,Keasley,nkeasleyhx@apache.org,Male,1.233.253.253
647,Emmerich,Hefforde,eheffordehy@amazon.com,Male,110.75.97.174
648,Hayward,Armytage,harmytagehz@buzzfeed.com,Male,194.57.89.167
649,Dante,Dedmam,ddedmami0@slate.com,Male,20.98.101.191
650,Rhianna,Yankin,ryankini1@ehow.com,Polygender,122.204.201.67
651,Vladamir,Bubeer,vbubeeri2@bbb.org,Male,75.85.149.53
652,Fanchette,Pigdon,fpigdoni3@pagesperso-orange.fr,Female,43.143.235.11
653,Jasmin,Immer,jimmeri4@cafepress.com,Female,67.67.252.187
654,Naoma,Le Batteur,nlebatteuri5@naver.com,Female,205.74.13.6
655,Pavla,Myers,pmyersi6@phoca.cz,Female,49.104.155.27
656,Vern,Redington,vredingtoni7@wunderground.com,Male,169.201.124.32
657,Teador,Gorstidge,tgorstidgei8@github.com,Male,176.33.177.71
658,Brandie,Moody,bmoodyi9@hugedomains.com,Female,169.3.67.250
659,Ahmad,Clingoe,aclingoeia@reverbnation.com,Male,172.61.175.63
660,Doll,Huburn,dhuburnib@unc.edu,Female,174.246.223.8
661,Morrie,Rockcliffe,mrockcliffeic@mysql.com,Male,231.200.166.225
662,Cassondra,Eilhersen,ceilhersenid@latimes.com,Female,116.250.162.145
663,Ashley,Mattock,amattockie@tuttocitta.it,Male,72.171.56.18
664,Grete,Cocksedge,gcocksedgeif@skyrock.com,Female,44.247.28.11
665,Carlyn,Cone,cconeig@bing.com,Female,249.34.132.10
666,Miltie,Petrolli,mpetrolliih@chron.com,Male,196.225.167.88
667,Walton,Benettelli,wbenettelliii@theguardian.com,Male,130.13.58.145
668,Haleigh,Philipart,hphilipartij@google.com,Female,128.79.220.217
669,Gabriele,Esp,gespik@alexa.com,Male,78.52.53.0
670,Tarrance,Dews,tdewsil@princeton.edu,Male,149.61.182.130
671,Fonz,Winckworth,fwinckworthim@stumbleupon.com,Male,249.13.145.129
672,Alvan,Waith,awaithin@dell.com,Male,193.61.117.55
673,Philip,Revans,prevansio@narod.ru,Male,35.230.189.41
674,Florentia,Moehle,fmoehleip@infoseek.co.jp,Female,174.40.143.99
675,Chaunce,Gothard,cgothardiq@japanpost.jp,Polygender,14.134.206.234
676,Joseito,Leggen,jleggenir@japanpost.jp,Male,243.41.170.46
677,Maxie,Ollerton,mollertonis@microsoft.com,Female,255.29.43.131
678,Ursola,Jillis,ujillisit@usatoday.com,Agender,37.218.195.89
679,Peder,Caldera,pcalderaiu@ow.ly,Male,239.248.127.17
680,Doroteya,Whiteman,dwhitemaniv@goo.ne.jp,Female,2.165.9.237
681,Kipp,Shirtliff,kshirtliffiw@multiply.com,Male,165.170.189.39
682,Adriane,Oguz,aoguzix@sciencedirect.com,Female,108.232.212.12
683,Lindie,Teliga,lteligaiy@yellowbook.com,Female,235.27.222.238
684,Graeme,Brownlee,gbrownleeiz@imageshack.us,Male,16.136.181.197
685,Llywellyn,Issacof,lissacofj0@twitter.com,Male,222.208.88.107
686,Miner,Ismirnioglou,mismirnioglouj1@prlog.org,Male,22.169.14.184
687,Rozamond,Aspray,rasprayj2@vistaprint.com,Female,222.4.224.229
688,Robyn,Mayoral,rmayoralj3@wp.com,Female,170.196.62.210
689,Ethelbert,Frantzeni,efrantzenij4@acquirethisname.com,Male,158.206.138.101
690,Lishe,Duthy,lduthyj5@so-net.ne.jp,Female,165.88.243.220
691,Maribeth,Hexter,mhexterj6@cdbaby.com,Female,22.92.196.151
692,Natty,Caldero,ncalderoj7@feedburner.com,Agender,100.177.6.68
693,Ingrid,O'Driscole,iodriscolej8@go.com,Female,157.194.213.64
694,Cecily,Service,cservicej9@youtube.com,Female,2.234.4.224
695,Maisey,Coale,mcoaleja@cisco.com,Female,118.21.32.51
696,Sol,Stringman,sstringmanjb@eepurl.com,Male,134.111.158.113
697,Darcey,Tonbridge,dtonbridgejc@indiegogo.com,Female,146.144.235.23
698,Kyrstin,Tremmil,ktremmiljd@geocities.com,Female,11.117.132.183
699,Pepita,Wasylkiewicz,pwasylkiewiczje@foxnews.com,Female,102.104.118.44
700,Roby,Desouza,rdesouzajf@about.com,Female,253.110.22.201
701,Gustie,Beazer,gbeazerjg@tripadvisor.com,Female,239.126.62.47
702,Sydney,Sliney,sslineyjh@google.com,Genderqueer,62.101.125.206
703,Hobey,Irwin,hirwinji@4shared.com,Male,88.13.186.129
704,Diane,L'Hommeau,dlhommeaujj@printfriendly.com,Female,204.195.194.131
705,Giulia,Foulgham,gfoulghamjk@theglobeandmail.com,Female,187.176.67.131
706,Franz,Dungey,fdungeyjl@mlb.com,Male,242.96.48.148
707,Marthe,Goymer,mgoymerjm@nytimes.com,Polygender,50.147.207.248
708,Haven,De Bernardis,hdebernardisjn@bbc.co.uk,Male,53.60.240.214
709,Derk,Lemarie,dlemariejo@behance.net,Male,174.189.238.65
710,Gipsy,Ellett,gellettjp@wikispaces.com,Female,92.10.205.218
711,Timi,Setter,tsetterjq@tamu.edu,Female,119.175.255.151
712,Rand,Braisher,rbraisherjr@ca.gov,Male,37.193.181.167
713,Hart,Vallantine,hvallantinejs@columbia.edu,Male,129.223.210.143
714,Luciano,Tersay,ltersayjt@cbsnews.com,Male,24.4.6.210
715,Aurlie,Daily,adailyju@netvibes.com,Female,178.134.173.96
716,Milty,Gillani,mgillanijv@theguardian.com,Male,157.127.13.73
717,Holly,Jori,hjorijw@ameblo.jp,Female,205.37.39.149
718,Waldo,Pammenter,wpammenterjx@examiner.com,Male,99.119.74.88
719,Arlina,Paxforde,apaxfordejy@wix.com,Genderqueer,157.253.77.139
720,Guendolen,Chapple,gchapplejz@photobucket.com,Female,85.243.204.146
721,Marje,Henden,mhendenk0@ibm.com,Female,107.14.192.212
722,Paquito,Pettingall,ppettingallk1@slate.com,Male,213.164.162.30
723,Dotty,Peppard,dpeppardk2@nhs.uk,Female,69.210.59.31
724,Robby,Goodreid,rgoodreidk3@dion.ne.jp,Female,247.171.144.122
725,Johnna,Castelot,jcastelotk4@hatena.ne.jp,Female,214.137.46.226
726,Atlanta,Pentony,apentonyk5@nydailynews.com,Female,119.33.179.198
727,Cathe,Pepperill,cpepperillk6@hugedomains.com,Female,178.112.59.149
728,Dominik,Lawdham,dlawdhamk7@moonfruit.com,Male,217.218.233.222
729,Joleen,Mandrake,jmandrakek8@eventbrite.com,Female,73.164.163.172
730,Gael,McClary,gmcclaryk9@dion.ne.jp,Male,227.102.140.73
731,Ernesta,Stitle,estitleka@fc2.com,Female,14.254.218.3
732,Erie,Gravatt,egravattkb@livejournal.com,Male,99.96.13.38
733,Calley,Soitoux,csoitouxkc@blog.com,Female,227.72.80.159
734,Sandro,Partener,spartenerkd@e-recht24.de,Polygender,222.211.3.224
735,Lindy,MacIlhagga,lmacilhaggake@google.com.hk,Male,94.61.7.236
736,Kendal,Gilbank,kgilbankkf@vimeo.com,Male,192.195.5.56
737,Aldwin,Diack,adiackkg@odnoklassniki.ru,Genderfluid,125.188.103.143
738,Davie,Oddey,doddeykh@guardian.co.uk,Male,153.181.232.174
739,Yurik,Nicely,ynicelyki@webnode.com,Male,57.3.18.24
740,Wilden,Eteen,weteenkj@irs.gov,Male,26.95.253.149
741,Neala,Phipp,nphippkk@ezinearticles.com,Female,143.63.147.151
742,Linus,Boick,lboickkl@bbc.co.uk,Male,200.210.5.112
743,Giacomo,Rolls,grollskm@imageshack.us,Male,178.168.152.24
744,Jacintha,Rego,jregokn@guardian.co.uk,Female,113.246.213.217
745,York,Zavattari,yzavattariko@csmonitor.com,Male,51.103.243.198
746,Florian,Arthy,farthykp@discovery.com,Male,58.163.235.182
747,Kellia,Curm,kcurmkq@usatoday.com,Female,42.146.81.2
748,Ilyse,Jordin,ijordinkr@altervista.org,Non-binary,151.15.202.131
749,Penrod,Jaszczak,pjaszczakks@apache.org,Male,27.168.220.53
750,Sidonnie,Sherville,sshervillekt@hp.com,Female,143.38.115.192
751,Lem,Loweth,llowethku@huffingtonpost.com,Male,173.81.102.73
752,Row,Risbridger,rrisbridgerkv@is.gd,Female,55.32.203.25
753,Sheri,Flecknoe,sflecknoekw@google.cn,Female,26.197.233.153
754,Gallard,Cumine,gcuminekx@jimdo.com,Male,2.4.248.36
755,Roze,Hennemann,rhennemannky@4shared.com,Female,7.207.136.143
756,Bear,Chazier,bchazierkz@ycombinator.com,Male,96.10.173.195
757,Mellicent,Eplate,meplatel0@sciencedirect.com,Female,147.91.123.243
758,Winni,Wyse,wwysel1@delicious.com,Female,113.37.96.32
759,Stefa,Dawdry,sdawdryl2@seattletimes.com,Female,195.44.94.124
760,Paquito,Matijasevic,pmatijasevicl3@deviantart.com,Male,24.133.38.214
761,Berget,Daish,bdaishl4@reverbnation.com,Female,219.42.151.101
762,Brendin,Risebrow,brisebrowl5@craigslist.org,Male,234.46.39.180
763,Daria,Samet,dsametl6@drupal.org,Female,81.207.3.186
764,Ardelia,Paolotto,apaolottol7@answers.com,Female,2.154.74.158
765,Thorsten,Langford,tlangfordl8@indiatimes.com,Male,204.152.166.140
766,Gabriela,Crankhorn,gcrankhornl9@google.ca,Female,224.124.253.18
767,Nevins,Tebbitt,ntebbittla@independent.co.uk,Male,228.56.40.94
768,Vere,Reedman,vreedmanlb@godaddy.com,Female,177.63.198.173
769,Kaspar,Dignan,kdignanlc@aboutads.info,Male,27.125.196.81
770,Romeo,Robet,rrobetld@theglobeandmail.com,Male,143.34.146.35
771,Pyotr,Noni,pnonile@wordpress.org,Male,40.156.192.126
772,Bernice,Manueli,bmanuelilf@pinterest.com,Genderfluid,215.135.231.211
773,Marianna,Everex,meverexlg@wp.com,Female,98.98.174.2
774,Barbabra,McCreery,bmccreerylh@imgur.com,Female,55.211.192.58
775,Jackqueline,Tidbald,jtidbaldli@friendfeed.com,Female,183.149.186.216
776,Geordie,Gummery,ggummerylj@cocolog-nifty.com,Male,125.231.251.39
777,Kerwin,Zoanetti,kzoanettilk@wikia.com,Genderfluid,155.137.63.92
778,Mandi,Summerside,msummersidell@apache.org,Genderfluid,132.197.221.130
779,Mischa,Huglin,mhuglinlm@berkeley.edu,Agender,180.30.237.133
780,Dirk,Mehmet,dmehmetln@omniture.com,Male,148.47.10.247
781,Andria,Spearing,aspearinglo@nbcnews.com,Female,63.102.205.158
782,Reta,Gingel,rgingellp@baidu.com,Female,143.86.231.115
783,Meredith,Este,mestelq@amazon.co.uk,Female,68.61.203.198
784,Milka,Rugiero,mrugierolr@unblog.fr,Female,115.13.231.24
785,Daryl,Slides,dslidesls@craigslist.org,Male,127.96.123.175
786,Alvy,Cundy,acundylt@epa.gov,Male,200.55.156.102
787,Ilka,Blayney,iblayneylu@prlog.org,Female,190.76.12.24
788,Keelby,McCuthais,kmccuthaislv@smugmug.com,Male,56.23.40.196
789,Terrance,Sacks,tsackslw@sohu.com,Male,239.116.117.109
790,Rena,Noraway,rnorawaylx@twitpic.com,Female,3.71.3.35
791,Wilma,Mathie,wmathiely@state.tx.us,Bigender,176.52.242.67
792,Arlana,Gyles,agyleslz@goo.gl,Female,44.104.244.119
793,Gawain,Bartaloni,gbartalonim0@huffingtonpost.com,Male,229.212.143.74
794,Clayson,Desporte,cdesportem1@nbcnews.com,Male,154.234.153.230
795,Abdul,Shevels,ashevelsm2@elegantthemes.com,Male,246.181.40.186
796,Elspeth,Deeny,edeenym3@spotify.com,Non-binary,97.133.18.116
797,Gerry,Dougill,gdougillm4@indiatimes.com,Female,0.69.10.212
798,Shawn,Dibley,sdibleym5@yahoo.co.jp,Male,61.10.181.131
799,Garik,Andras,gandrasm6@upenn.edu,Male,9.171.154.212
800,Kaleena,Chetwin,kchetwinm7@booking.com,Female,37.198.255.37
801,Sheeree,Coltherd,scoltherdm8@deliciousdays.com,Polygender,109.166.31.155
802,Clyve,Kilbourn,ckilbournm9@geocities.jp,Male,140.238.43.106
803,Karilynn,Togwell,ktogwellma@dailymail.co.uk,Bigender,78.145.210.10
804,Carol,Reasce,creascemb@webmd.com,Female,160.151.215.74
805,Zacharie,Happs,zhappsmc@opera.com,Male,179.31.203.132
806,Jeffy,Corner,jcornermd@squarespace.com,Male,83.182.214.155
807,Lucky,Coskerry,lcoskerryme@webeden.co.uk,Female,224.87.188.215
808,Lucias,Jenkinson,ljenkinsonmf@mlb.com,Male,19.197.177.67
809,Ginelle,Balasini,gbalasinimg@mit.edu,Genderqueer,227.170.122.170
810,Garfield,Broadwood,gbroadwoodmh@smugmug.com,Male,238.55.162.24
811,Iolande,Gooms,igoomsmi@quantcast.com,Female,172.170.9.22
812,Mile,Arlidge,marlidgemj@cloudflare.com,Male,78.17.168.186
813,Sybil,Rhyme,srhymemk@slashdot.org,Female,95.249.65.247
814,Garner,Matuszkiewicz,gmatuszkiewiczml@comcast.net,Male,239.248.60.24
815,Adaline,Bachnic,abachnicmm@biblegateway.com,Female,45.216.22.126
816,Maryellen,Mate,mmatemn@bluehost.com,Female,8.197.162.77
817,Fritz,Pollok,fpollokmo@edublogs.org,Male,177.137.238.12
818,Ripley,Bastick,rbastickmp@godaddy.com,Male,142.118.111.229
819,Adey,Reucastle,areucastlemq@printfriendly.com,Female,165.98.191.249
820,Goldina,O'Corrin,gocorrinmr@histats.com,Female,61.175.7.54
821,Claudia,Truswell,ctruswellms@odnoklassniki.ru,Female,204.40.93.9
822,Dall,Sphinxe,dsphinxemt@pagesperso-orange.fr,Male,156.211.226.162
823,Loutitia,Roles,lrolesmu@weather.com,Female,211.107.122.249
824,Leopold,Nannini,lnanninimv@g.co,Male,190.123.226.23
825,Leland,Jerdan,ljerdanmw@simplemachines.org,Male,72.159.35.184
826,Morlee,Meadowcroft,mmeadowcroftmx@sbwire.com,Male,112.122.236.39
827,Jerry,Kwietek,jkwietekmy@house.gov,Male,171.218.133.39
828,Stevana,Weatherell,sweatherellmz@columbia.edu,Female,197.185.254.34
829,Kelsi,Ruffles,krufflesn0@mac.com,Female,80.198.244.167
830,Duffie,Drewes,ddrewesn1@homestead.com,Male,28.130.208.83
831,Myra,Naerup,mnaerupn2@goo.ne.jp,Female,20.239.50.240
832,Faunie,Rawstron,frawstronn3@wp.com,Female,175.137.180.69
833,Nicol,Pedron,npedronn4@blinklist.com,Male,43.84.200.214
834,Emmaline,Bradd,ebraddn5@furl.net,Female,11.80.201.191
835,Lanie,Scarlett,lscarlettn6@newyorker.com,Male,76.3.80.12
836,Andres,Litchfield,alitchfieldn7@dedecms.com,Male,16.27.96.235
837,Bax,Channon,bchannonn8@google.ca,Male,190.34.3.8
838,Vaughan,Clavey,vclaveyn9@stanford.edu,Male,241.211.207.158
839,Lind,Sutworth,lsutworthna@elpais.com,Male,194.229.82.253
840,Alberto,Remirez,aremireznb@utexas.edu,Male,177.2.81.136
841,Tibold,Sunman,tsunmannc@hp.com,Male,154.24.168.3
842,Glad,Cawthera,gcawtherand@businessinsider.com,Female,92.222.208.235
843,Jeremias,Guerro,jguerrone@nydailynews.com,Male,56.140.190.129
844,Cullin,Duckitt,cduckittnf@telegraph.co.uk,Male,38.37.145.209
845,Marsiella,Melonby,mmelonbyng@cloudflare.com,Female,75.94.210.242
846,Kendrick,Filan,kfilannh@nytimes.com,Male,244.247.173.142
847,Queenie,Purrington,qpurringtonni@economist.com,Female,250.151.9.59
848,Ermanno,Clifforth,eclifforthnj@uol.com.br,Male,200.113.13.133
849,Norrie,Cardow,ncardownk@geocities.com,Male,40.214.28.155
850,Sharla,Fairbrace,sfairbracenl@exblog.jp,Female,176.205.10.159
851,Trumann,Lamburne,tlamburnenm@msu.edu,Male,36.114.197.112
852,Chanda,Bissell,cbissellnn@pbs.org,Female,147.48.104.221
853,Clerissa,Jillard,cjillardno@census.gov,Female,12.136.117.253
854,Sky,Perrott,sperrottnp@unesco.org,Male,129.50.88.152
855,Elvera,MacKibbon,emackibbonnq@people.com.cn,Female,221.25.0.14
856,Maurizio,Spiteri,mspiterinr@yolasite.com,Male,104.110.173.125
857,Daveta,Laye,dlayens@soup.io,Female,212.210.236.93
858,Osbourn,Hindenberger,ohindenbergernt@msu.edu,Male,238.168.20.214
859,Roslyn,Feragh,rferaghnu@phoca.cz,Female,51.218.84.46
860,Dedra,Steedman,dsteedmannv@booking.com,Genderqueer,192.76.242.145
861,Caryn,Clutheram,cclutheramnw@cornell.edu,Female,129.216.177.239
862,Ginnifer,Pymar,gpymarnx@woothemes.com,Female,152.74.138.177
863,Eleanore,Rogerot,erogerotny@google.cn,Female,110.151.67.42
864,Royce,Grebner,rgrebnernz@reverbnation.com,Male,15.26.217.82
865,Christabella,Parren,cparreno0@blinklist.com,Female,110.139.207.249
866,Friedrick,Shawl,fshawlo1@slideshare.net,Male,118.97.150.28
867,Cristi,Pettie,cpettieo2@ftc.gov,Female,7.186.228.238
868,Darcie,Lonie,dlonieo3@about.me,Female,46.46.169.95
869,Kaila,Kenn,kkenno4@time.com,Female,9.244.179.200
870,Damien,Mapplebeck,dmapplebecko5@printfriendly.com,Male,202.165.11.225
871,Bondon,Jakubski,bjakubskio6@dedecms.com,Male,21.160.48.251
872,Bordie,Puckring,bpuckringo7@biblegateway.com,Male,15.175.36.58
873,Cooper,Meni,cmenio8@technorati.com,Male,96.220.62.171
874,Cornelle,Sabbins,csabbinso9@skyrock.com,Female,107.116.131.52
875,Karla,Stit,kstitoa@uol.com.br,Female,135.22.81.94
876,Thaine,Noli,tnoliob@accuweather.com,Male,225.227.233.183
877,Fred,Youngs,fyoungsoc@businessinsider.com,Female,102.62.31.167
878,Manon,Dolle,mdolleod@state.gov,Female,28.12.199.246
879,Kiah,Sebastian,ksebastianoe@imageshack.us,Female,243.142.160.186
880,Drucill,Reedyhough,dreedyhoughof@digg.com,Female,227.28.120.78
881,Stewart,Mullins,smullinsog@washington.edu,Male,74.33.9.84
882,Gunther,Scardifield,gscardifieldoh@bizjournals.com,Male,31.226.104.130
883,Dennet,Silvermann,dsilvermannoi@businessweek.com,Male,94.253.196.66
884,Udell,Barwis,ubarwisoj@networksolutions.com,Male,210.137.223.229
885,Collette,Craker,ccrakerok@webnode.com,Female,196.72.170.208
886,Glennie,Keeler,gkeelerol@prweb.com,Female,54.224.136.39
887,Minny,Brunger,mbrungerom@dagondesign.com,Female,12.65.40.251
888,Joletta,Lewton,jlewtonon@yale.edu,Female,41.124.248.212
889,Dudley,Haggerston,dhaggerstonoo@nytimes.com,Male,253.155.25.11
890,Darcey,Hindrich,dhindrichop@topsy.com,Female,3.92.28.254
891,Bartlet,Hatchard,bhatchardoq@wikipedia.org,Male,115.175.78.8
892,Cthrine,Chaperlin,cchaperlinor@pagesperso-orange.fr,Female,156.164.88.97
893,Ewart,Roobottom,eroobottomos@ebay.co.uk,Male,161.80.192.88
894,Everard,Kennford,ekennfordot@imageshack.us,Male,149.105.213.76
895,Leticia,Larratt,llarrattou@ted.com,Female,82.68.232.61
896,Trudi,Bounde,tboundeov@ucoz.ru,Female,235.251.42.204
897,Sergeant,Abys,sabysow@google.com.br,Male,226.217.254.99
898,Sigismundo,Woltering,swolteringox@comcast.net,Polygender,147.182.129.179
899,Yoshiko,D'Abbot-Doyle,ydabbotdoyleoy@privacy.gov.au,Female,119.229.4.197
900,Vally,Clyne,vclyneoz@usda.gov,Female,248.213.218.233
901,Philbert,Barnardo,pbarnardop0@guardian.co.uk,Male,59.233.181.107
902,Sukey,Bariball,sbariballp1@illinois.edu,Female,14.205.167.52
903,Tory,Tyreman,ttyremanp2@ezinearticles.com,Female,72.232.139.46
904,Nicol,Kayzer,nkayzerp3@howstuffworks.com,Genderfluid,122.214.199.203
905,Maudie,Reason,mreasonp4@printfriendly.com,Female,237.135.5.81
906,Cloris,Gore,cgorep5@phpbb.com,Bigender,251.234.65.6
907,Kennedy,Boulde,kbouldep6@bizjournals.com,Male,247.76.172.137
908,Abram,Colledge,acolledgep7@boston.com,Male,253.170.86.151
909,Mordy,Hutt,mhuttp8@microsoft.com,Male,142.7.76.200
910,Bernice,Meugens,bmeugensp9@examiner.com,Female,199.120.102.179
911,Marvin,Huddart,mhuddartpa@twitpic.com,Male,137.69.57.120
912,Corly,Mc Caughan,cmccaughanpb@mozilla.org,Female,103.161.209.19
913,Jori,Watson-Brown,jwatsonbrownpc@tamu.edu,Female,212.11.50.196
914,Emlynne,McColl,emccollpd@webs.com,Female,210.232.149.125
915,Trefor,Windeatt,twindeattpe@illinois.edu,Male,215.169.89.126
916,Rod,Tock,rtockpf@fastcompany.com,Male,95.93.107.253
917,Tyne,Eakins,teakinspg@seesaa.net,Female,122.165.151.119
918,Roman,Aldwich,raldwichph@alibaba.com,Male,118.188.244.247
919,Avivah,Cadany,acadanypi@gov.uk,Female,1.23.93.16
920,Mile,Glusby,mglusbypj@taobao.com,Male,119.79.190.28
921,Edwin,Leroy,eleroypk@yellowbook.com,Male,138.85.93.6
922,Frankie,Ulster,fulsterpl@bing.com,Male,183.194.238.17
923,Emilia,Ondrak,eondrakpm@vkontakte.ru,Female,78.195.42.169
924,Nada,Jedrysik,njedrysikpn@china.com.cn,Female,227.4.97.93
925,Keefer,Chessum,kchessumpo@networksolutions.com,Male,77.0.76.129
926,Elfie,Hacquard,ehacquardpp@addtoany.com,Female,197.213.194.96
927,Evangelia,Pie,epiepq@tuttocitta.it,Female,103.73.241.131
928,Johnnie,Mackelworth,jmackelworthpr@comcast.net,Male,198.157.171.88
929,Kelwin,Rudham,krudhamps@springer.com,Polygender,191.171.74.141
930,Philomena,Tedman,ptedmanpt@npr.org,Female,13.42.44.27
931,Adda,Bassingham,abassinghampu@sakura.ne.jp,Female,144.148.52.125
932,Estevan,Rowthorne,erowthornepv@cam.ac.uk,Male,80.7.95.170
933,Casandra,Elderfield,celderfieldpw@sfgate.com,Female,30.73.212.53
934,Garland,Huckster,ghucksterpx@feedburner.com,Female,103.116.123.219
935,Josephine,Dorney,jdorneypy@t-online.de,Female,118.203.235.216
936,Maighdiln,Mucklo,mmucklopz@shinystat.com,Female,110.12.25.145
937,Sandor,Labern,slabernq0@taobao.com,Male,153.20.44.186
938,Linc,Iglesias,liglesiasq1@seattletimes.com,Male,80.1.163.133
939,Johnathan,Andrew,jandrewq2@spotify.com,Male,109.71.243.80
940,Kristen,Bagnal,kbagnalq3@printfriendly.com,Female,157.11.253.186
941,Desi,Pasquale,dpasqualeq4@dot.gov,Male,46.65.38.40
942,Barbee,Lyle,blyleq5@soundcloud.com,Bigender,124.120.52.86
943,Karmen,Bernette,kbernetteq6@jimdo.com,Non-binary,191.41.206.242
944,Steven,Langfitt,slangfittq7@jigsy.com,Male,156.128.40.47
945,Thedric,McGlade,tmcgladeq8@rambler.ru,Male,137.84.74.183
946,Imogen,Guillain,iguillainq9@prlog.org,Female,54.228.80.246
947,Edmon,Jagson,ejagsonqa@sakura.ne.jp,Genderqueer,10.182.138.246
948,Armand,Meynell,ameynellqb@ucoz.ru,Male,88.226.167.223
949,Nathan,Mucklow,nmucklowqc@google.pl,Male,223.92.214.106
950,Alex,Besnard,abesnardqd@delicious.com,Female,39.68.133.182
951,Nicolais,Stollenberg,nstollenbergqe@theguardian.com,Male,217.124.73.104
952,Fiona,Presshaugh,fpresshaughqf@github.com,Female,53.68.67.2
953,Gale,Meeus,gmeeusqg@so-net.ne.jp,Female,185.25.35.168
954,Sollie,Incogna,sincognaqh@hostgator.com,Male,4.253.63.111
955,Hugibert,McInnery,hmcinneryqi@usnews.com,Male,210.163.42.75
956,Sascha,Strafen,sstrafenqj@netvibes.com,Non-binary,234.11.53.244
957,Belvia,Penticost,bpenticostqk@wiley.com,Agender,95.98.122.21
958,Nissa,Hubback,nhubbackql@free.fr,Female,138.46.156.60
959,Stephan,Manders,smandersqm@over-blog.com,Male,253.215.122.103
960,Merrick,Gleadhall,mgleadhallqn@ifeng.com,Male,152.21.46.210
961,Iggie,Ovendale,iovendaleqo@jiathis.com,Genderfluid,2.85.19.73
962,Eimile,Pitt,epittqp@altervista.org,Female,12.221.136.32
963,Katherina,Giovanardi,kgiovanardiqq@auda.org.au,Female,41.151.12.60
964,Tristam,Cuddehy,tcuddehyqr@apache.org,Bigender,182.141.153.218
965,Vanya,Ethridge,vethridgeqs@discuz.net,Male,236.234.49.164
966,Garvin,MacCaull,gmaccaullqt@eventbrite.com,Male,45.66.220.184
967,Lisa,Dunbleton,ldunbletonqu@ca.gov,Female,45.109.84.104
968,Lexine,Bog,lbogqv@weibo.com,Female,7.208.59.6
969,Inglis,Quiddington,iquiddingtonqw@sciencedirect.com,Male,140.177.57.104
970,Betti,Mallan,bmallanqx@desdev.cn,Female,26.26.99.2
971,Pippy,Mayho,pmayhoqy@phoca.cz,Female,184.59.52.153
972,Hatti,Broke,hbrokeqz@barnesandnoble.com,Female,57.83.147.218
973,Loralie,Yurocjkin,lyurocjkinr0@php.net,Female,189.170.184.149
974,Rockie,Ferencowicz,rferencowiczr1@mit.edu,Male,236.138.132.225
975,Sydel,Ding,sdingr2@bravesites.com,Female,228.90.232.115
976,Brittaney,Bewick,bbewickr3@mozilla.com,Non-binary,253.178.186.194
977,Lorrie,Gronauer,lgronauerr4@umn.edu,Male,232.116.196.60
978,Marla,Haston,mhastonr5@ucoz.ru,Female,101.156.143.170
979,Moina,Kibbee,mkibbeer6@sciencedirect.com,Female,255.64.55.113
980,Marleah,Wretham,mwrethamr7@sphinn.com,Bigender,128.181.30.186
981,Kathryne,Eakeley,keakeleyr8@miibeian.gov.cn,Female,126.113.171.240
982,Jean,Marcombe,jmarcomber9@arstechnica.com,Female,4.100.15.214
983,Norene,Sunter,nsunterra@clickbank.net,Genderqueer,167.134.67.48
984,Ramsey,Burchnall,rburchnallrb@livejournal.com,Male,235.32.140.198
985,Lesli,Slowey,lsloweyrc@1und1.de,Female,70.115.202.34
986,Wally,Jochanany,wjochananyrd@webs.com,Female,243.242.10.177
987,Khalil,Hainning,khainningre@surveymonkey.com,Male,114.31.107.138
988,Ado,Glynn,aglynnrf@blog.com,Male,237.140.212.113
989,Boyd,Moylan,bmoylanrg@telegraph.co.uk,Male,31.50.101.201
990,Tanny,Guyot,tguyotrh@slashdot.org,Male,192.2.81.117
991,Lurline,Ruger,lrugerri@ebay.com,Female,252.64.144.34
992,Lodovico,Kingswood,lkingswoodrj@yale.edu,Male,120.25.200.237
993,Nigel,Laughlan,nlaughlanrk@feedburner.com,Male,14.115.46.59
994,Marijn,Rookledge,mrookledgerl@toplist.cz,Bigender,100.208.103.133
995,Padraic,Teacy,pteacyrm@telegraph.co.uk,Male,136.27.36.32
996,Vince,Ratazzi,vratazzirn@example.com,Male,123.231.204.34
997,Esme,Malzard,emalzardro@webmd.com,Non-binary,243.44.178.194
998,Kippy,MacArthur,kmacarthurrp@smh.com.au,Non-binary,108.90.183.201
999,Gunilla,Sitwell,gsitwellrq@feedburner.com,Female,88.209.91.52
1000,Milissent,Gamon,mgamonrr@nymag.com,Female,201.156.107.223
